model,acc,f1-macro
lstm,0.8307410795974383,0.23784105692307367
gru,0.8183897529734675,0.321141266159921
cnn,0.8101555352241537,0.41645448186421374
